<?xml version="1.0" encoding="UTF-8"?>
<Configuration>
    <Appenders>
        <Console name="console" target="SYSTEM_OUT">
            <PatternLayout
                    pattern="%style{%d{ISO8601}} %highlight{%-5level }[%style{%t}{bright,blue}] %style{%C{10}}{bright,yellow}: %msg%n%throwable" />
        </Console>
        <SplunkHttp
                name="splunkhttp"
                url="http://localhost:8088"
                token="eaff1780-7b00-46ae-b161-c2651ae7cdcb"
                host="localhost"
                index="order_api_dev"
                type="raw"
                source="http-event-logs"
                sourcetype="log4j"
                messageFormat="text"
                disableCertificateValidation="true">
            <PatternLayout pattern="%m" />
        </SplunkHttp>

    </Appenders>

    <Loggers>
        <!-- LOG everything at INFO level -->
        <Root level="info">
            <AppenderRef ref="console" />
            <AppenderRef ref="splunkhttp" />
        </Root>
    </Loggers>
</Configuration>


